{"cameraMode":{"drawMode":0,"name":"Shaded","section":"Shading Mode"},"sceneLighting":false,"audioPlay":false,"sceneViewState":{"m_AlwaysRefresh":false,"showFog":true,"showSkybox":false,"showFlares":true,"showImageEffects":true,"showParticleSystems":true,"showVisualEffectGraphs":true,"m_FxEnabled":true},"in2DMode":false,"pivot":{"x":0.2050563246011734,"y":0.4766421318054199,"z":1.2832986116409302},"rotation":{"x":-0.19406035542488099,"y":0.011195342056453228,"z":-0.002212282968685031,"w":-0.9809353351593018},"size":1.7047419548034669,"orthographic":false}