{"cameraMode":{"drawMode":0,"name":"Shaded","section":"Shading Mode"},"sceneLighting":false,"audioPlay":false,"sceneViewState":{"m_AlwaysRefresh":false,"showFog":true,"showSkybox":false,"showFlares":true,"showImageEffects":true,"showParticleSystems":true,"showVisualEffectGraphs":true,"m_FxEnabled":true},"in2DMode":false,"pivot":{"x":-0.6290417909622192,"y":6.172548770904541,"z":0.5301480293273926},"rotation":{"x":-0.40806376934051516,"y":0.0023623304441571237,"z":-0.0010268579935654998,"w":-0.9130009412765503},"size":4.115082263946533,"orthographic":false}